firm_name,challenge_name,account_size,news_trading,overnight,weekend,ea_allowed,copy_trading,scalping,hedging,consistency_rule,consistency_pct,source_url
Alpha Capital,2-Step 5K,5000,,,,,,,,,,
Alpha Capital,2-Step 10K,10000,,,,,,,,,,
Alpha Capital,2-Step 25K,25000,,,,,,,,,,
Alpha Capital,2-Step 50K,50000,,,,,,,,,,
Alpha Capital,Alpha One 1-Step 50K,50000,,,,,,,,,,
Alpha Capital,2-Step 100K,100000,,,,,,,,,,
Alpha Capital,Alpha One 1-Step 100K,100000,,,,,,,,,,
Alpha Capital,Alpha Pro 2-Step 100K,100000,,,,,,,,,,
Alpha Capital,2-Step 200K,200000,,,,,,,,,,
Apex Trader Funding,Evaluation 25K,25000,,,,,,,,,,
Apex Trader Funding,Evaluation 50K,50000,,,,,,,,,,
Apex Trader Funding,Evaluation 75K,75000,,,,,,,,,,
Apex Trader Funding,Evaluation 100K,100000,,,,,,,,,,
Apex Trader Funding,Evaluation 150K,150000,,,,,,,,,,
Apex Trader Funding,Evaluation 250K,250000,,,,,,,,,,
Apex Trader Funding,Evaluation 300K,300000,,,,,,,,,,
AquaFunded,2-Step 10K,10000,,,,,,,,,,
AquaFunded,2-Step 25K,25000,,,,,,,,,,
AquaFunded,2-Step 100K,100000,,,,,,,,,,
AquaFutures,Standard Evaluation 25K,25000,,,,,,,,required,40,
AquaFutures,Standard Evaluation 50K,50000,,,,,,,,required,40,
AquaFutures,Instant Standard 50K,50000,,,,,,,,,,
AquaFutures,Beginner 50K,50000,,,,,,,,,,
AquaFutures,Standard Evaluation 100K,100000,,,,,,,,required,40,
AquaFutures,Standard Evaluation 150K,150000,,,,,,,,required,40,
Atmos Funded,2-Step 5K,5000,,,,,,,,,,
Atmos Funded,2-Step 10K,10000,,,,,,,,,,
Atmos Funded,2-Step 25K,25000,,,,,,,,,,
Atmos Funded,2-Step 100K,100000,,,,,,,,,,
Blue Guardian,1-Step 5K,5000,,,,,,,,,,
Blue Guardian,Instant 5K,5000,,,,,,,,,,
Blue Guardian,1-Step 10K,10000,,,,,,,,,,
Blue Guardian,Instant 10K,10000,,,,,,,,,,
Blue Guardian,1-Step 25K,25000,,,,,,,,,,
Blue Guardian,1-Step 50K,50000,,,,,,,,,,
Blue Guardian,Instant 50K,50000,,,,,,,,,,
Blue Guardian,1-Step 100K,100000,,,,,,,,,,
Blue Guardian,Instant 100K,100000,,,,,,,,,,
Blue Guardian,Instant 200K,200000,,,,,,,,,,
Blue Guardian Futures,Standard 25K,25000,allowed,,,,,,,not_required,,
Blue Guardian Futures,Reserve 25K,25000,,,,,,,,required,50,
Blue Guardian Futures,Express 25K,25000,,,,,,,,,,
Blue Guardian Futures,Direct 25K,25000,,,,,,,,,,
Blue Guardian Futures,Standard 50K,50000,allowed,,,,,,,not_required,,
Blue Guardian Futures,Reserve 50K,50000,,,,,,,,required,50,
Blue Guardian Futures,Express 50K,50000,,,,,,,,,,
Blue Guardian Futures,Direct 50K,50000,,,,,,,,,,
Blue Guardian Futures,Standard 100K,100000,allowed,,,,,,,not_required,,
Blue Guardian Futures,Reserve 100K,100000,,,,,,,,required,50,
Blue Guardian Futures,Express 100K,100000,,,,,,,,,,
Blue Guardian Futures,Direct 100K,100000,,,,,,,,,,
Blue Guardian Futures,Standard 150K,150000,allowed,,,,,,,not_required,,
Blue Guardian Futures,Reserve 150K,150000,,,,,,,,required,50,
Blue Guardian Futures,Express 150K,150000,,,,,,,,,,
Blue Guardian Futures,Direct 150K,150000,,,,,,,,,,
Blueberry Futures,Ascent EOD 25K,25000,,,,,,,,,,
Blueberry Futures,Accelerated Trailing 25K,25000,,,,,,,,,,
Blueberry Futures,Ascent EOD 50K,50000,,,,,,,,,,
Blueberry Futures,Accelerated Trailing 50K,50000,,,,,,,,,,
Blueberry Futures,Ascent EOD 100K,100000,,,,,,,,,,
Blueberry Futures,Accelerated Trailing 100K,100000,,,,,,,,,,
Blueberry Futures,Ascent EOD 150K,150000,,,,,,,,,,
Blueberry Futures,Accelerated Trailing 150K,150000,,,,,,,,,,
BrightFunded,2-Step 5K,5000,,,,,,,,,,
BrightFunded,2-Step 10K,10000,,,,,,,,,,
BrightFunded,1-Step 10K,10000,,,,,,,,,,
BrightFunded,2-Step 25K,25000,,,,,,,,,,
BrightFunded,2-Step 50K,50000,,,,,,,,,,
BrightFunded,2-Step 100K,100000,,,,,,,,,,
BrightFunded,2-Step 200K,200000,,,,,,,,,,
Crypto Fund Trader,2-Step 5K,5000,,,,,,,,,,
Crypto Fund Trader,1-Step 5K,5000,,,,,,,,,,
Crypto Fund Trader,2-Step 10K,10000,,,,,,,,,,
Crypto Fund Trader,2-Step 25K,25000,,,,,,,,,,
Crypto Fund Trader,1-Step 25K,25000,,,,,,,,,,
Crypto Fund Trader,2-Step 50K,50000,,,,,,,,,,
Crypto Fund Trader,2-Step 100K,100000,,,,,,,,,,
Crypto Fund Trader,1-Step 100K,100000,,,,,,,,,,
Crypto Fund Trader,2-Step 200K,200000,,,,,,,,,,
Crypto Fund Trader,1-Step 200K,200000,,,,,,,,,,
DayTraders,EOD 25K,25000,,,,,,,,required,50,
DayTraders,Trail 50K,50000,,,,,,,,,,
DayTraders,EOD 50K,50000,,,,,,,,required,50,
DayTraders,Static 50K,50000,,,,,,,,,,
DayTraders,S2F 50K,50000,,,,,,,,required,20,
DayTraders,S2L 50K,50000,,,,,,,,,,
DayTraders,Trail 80% Split 50K,50000,,,,,,,,,,
DayTraders,Static 100K,100000,,,,,,,,,,
DayTraders,Trail 150K,150000,,,,,,,,,,
DayTraders,EOD 150K,150000,,,,,,,,required,50,
DayTraders,Trail 80% Split 150K,150000,,,,,,,,,,
DayTraders,Trail 300K,300000,,,,,,,,,,
DayTraders,EOD 300K,300000,,,,,,,,required,50,
DayTraders,Trail 80% Split 300K,300000,,,,,,,,,,
E8 Futures,Challenge 25K,25000,,,,,,,,,,
E8 Futures,E8 Zero Starter 50K,50000,,,,,,,,required,40,
E8 Futures,E8 Zero Max 50K,50000,,,,,,,,required,40,
E8 Futures,E8 Signature 50K,50000,,,,,,,,required,35,
E8 Futures,Challenge 50K,50000,,,,,,,,,,
E8 Futures,Challenge Daily 50K,50000,,,,,,,,,,
E8 Futures,E8 Zero Starter 100K,100000,,,,,,,,required,40,
E8 Futures,E8 Zero Max 100K,100000,,,,,,,,required,40,
E8 Futures,E8 Signature 100K,100000,,,,,,,,required,35,
E8 Futures,Challenge 100K,100000,,,,,,,,,,
E8 Futures,Challenge Daily 100K,100000,,,,,,,,,,
E8 Futures,E8 Signature 150K,150000,,,,,,,,required,35,
E8 Futures,Challenge 150K,150000,,,,,,,,,,
E8 Futures,E8 Zero Starter 200K,200000,,,,,,,,required,40,
E8 Futures,E8 Zero Max 200K,200000,,,,,,,,required,40,
E8 Futures,E8 Signature 200K,200000,,,,,,,,required,35,
E8 Futures,Challenge Static 200K,200000,,,,,,,,,,
E8 Markets,1-Step Trailing 5K,5000,,,,,,,,,,
E8 Markets,1-Step Static 10K,10000,,,,,,,,,,
E8 Markets,1-Step Static 25K,25000,,,,,,,,,,
E8 Markets,1-Step Static 50K,50000,,,,,,,,,,
E8 Markets,1-Step Static 100K,100000,,,,,,,,,,
E8 Markets,1-Step Trailing 200K,200000,,,,,,,,,,
Earn2Trade,Trader Career Path 25K,25000,,,,,,,,required,30,
Earn2Trade,Gauntlet Mini 25K,25000,,,,,,,,required,30,
Earn2Trade,Trader Career Path 50K,50000,,,,,,,,required,30,
Earn2Trade,Gauntlet Mini 50K,50000,,,,,,,,required,30,
Earn2Trade,Trader Career Path 100K,100000,,,,,,,,required,30,
Earn2Trade,Gauntlet Mini 100K,100000,,,,,,,,required,30,
Earn2Trade,Trader Career Path 150K,150000,,,,,,,,required,30,
Earn2Trade,Gauntlet Mini 150K,150000,,,,,,,,required,30,
Funded Futures Family,Velocity 25K,25000,,,,,,,,required,40,
Funded Futures Family,Premier Plus 25K,25000,,,,,,,,,,
Funded Futures Family,Velocity 50K,50000,,,,,,,,required,40,
Funded Futures Family,S2F 50K,50000,,,,,,,,,,
Funded Futures Family,Premier Plus 50K,50000,,,,,,,,,,
Funded Futures Family,Velocity 100K,100000,,,,,,,,required,40,
Funded Futures Family,S2F 100K,100000,,,,,,,,,,
Funded Futures Family,Premier Plus 100K,100000,,,,,,,,,,
Funded Futures Family,Velocity 150K,150000,,,,,,,,required,40,
Funded Futures Family,Premier Plus 150K,150000,,,,,,,,,,
FundedElite,1-Step 5K,5000,,,,,,,,,,
FundedElite,2-Step 5K,5000,,,,,,,,,,
FundedElite,2-Step 15K,15000,,,,,,,,,,
FundedElite,2-Step 25K,25000,,,,,,,,,,
FundedElite,Instant 25K,25000,,,,,,,,,,
FundedElite,2-Step 100K,100000,,,,,,,,,,
FundedNext,1-Step 6K,6000,,,,,,,,,,
FundedNext,1-Step 15K,15000,,,,,,,,,,
FundedNext,1-Step 25K,25000,,,,,,,,,,
FundedNext,1-Step 50K,50000,,,,,,,,,,
FundedNext,2-Step 100K,100000,,,,,,,,,,
FundedNext,2-Step 200K,200000,,,,,,,,,,
FundedNext Futures,Rapid Pro 25K,25000,,,,,,,,required,40,
FundedNext Futures,Rapid Daily 25K,25000,,,,,,,,not_required,,
FundedNext Futures,Flex 25K,25000,,,,,,,,required,40,
FundedNext Futures,Legacy 25K,25000,,,,,,,,required,40,
FundedNext Futures,Rapid Pro 50K,50000,,,,,,,,required,40,
FundedNext Futures,Rapid Daily 50K,50000,,,,,,,,not_required,,
FundedNext Futures,Flex 50K,50000,,,,,,,,required,40,
FundedNext Futures,Legacy 50K,50000,,,,,,,,required,40,
FundedNext Futures,Rapid Pro 100K,100000,,,,,,,,required,40,
FundedNext Futures,Rapid Daily 100K,100000,,,,,,,,not_required,,
FundedNext Futures,Flex 100K,100000,,,,,,,,required,40,
FundedNext Futures,Legacy 100K,100000,,,,,,,,required,40,
FundedNext Futures,Flex 150K,150000,,,,,,,,required,40,
FundingPips,2-Step Flex 5K,5000,,,,,,,,,,
FundingPips,2-Step 10K,10000,,,,,,,,,,
FundingPips,2-Step 25K,25000,,,,,,,,,,
FundingPips,2-Step 50K,50000,,,,,,,,,,
FundingPips,2-Step 100K,100000,,,,,,,,,,
FundingPips,1-Step 100K,100000,,,,,,,,,,
FuturesElite,Instant Challenge 25K,25000,,,,,,,,required,20,
FuturesElite,Prime 50K,50000,,,,,,,,,,
FuturesElite,Elite 50K,50000,,,,,,,,,,
FuturesElite,Instant Challenge 50K,50000,,,,,,,,required,20,
FuturesElite,Prime 100K,100000,,,,,,,,,,
FuturesElite,Elite 100K,100000,,,,,,,,,,
FuturesElite,Instant Challenge 100K,100000,,,,,,,,required,20,
FuturesElite,Prime 150K,150000,,,,,,,,,,
FuturesElite,Elite 150K,150000,,,,,,,,,,
FuturesElite,Instant Challenge 150K,150000,,,,,,,,required,20,
Goat Funded Futures,Sprint Challenge 25K,25000,,,,,,,,not_required,,
Goat Funded Futures,Instant Funded 25K,25000,,,,,,,,required,20,
Goat Funded Futures,EOD Challenge 50K,50000,,,,,,,,required,50,
Goat Funded Futures,Sprint Challenge 50K,50000,,,,,,,,not_required,,
Goat Funded Futures,Instant Funded 50K,50000,,,,,,,,required,20,
Goat Funded Futures,Flex Challenge 50K,50000,,,,,,,,not_required,,
Goat Funded Futures,Instant Funded 75K,75000,,,,,,,,required,20,
Goat Funded Futures,EOD Challenge 100K,100000,,,,,,,,required,50,
Goat Funded Futures,Sprint Challenge 100K,100000,,,,,,,,not_required,,
Goat Funded Futures,Instant Funded 100K,100000,,,,,,,,required,20,
Goat Funded Futures,Flex Challenge 100K,100000,,,,,,,,not_required,,
Goat Funded Futures,EOD Challenge 150K,150000,,,,,,,,required,50,
Goat Funded Futures,Instant Funded 150K,150000,,,,,,,,required,20,
Goat Funded Futures,Flex Challenge 150K,150000,,,,,,,,not_required,,
Goat Funded Trader,Instant 5K,5000,,,,,,,,,,
Goat Funded Trader,Instant 10K,10000,,,,,,,,,,
Goat Funded Trader,2-Step 25K,25000,,,,,,,,,,
Goat Funded Trader,2-Step 50K,50000,,,,,,,,,,
Goat Funded Trader,2-Step 100K,100000,,,,,,,,,,
Hola Prime,2-Step 2K,2000,,,,,,,,,,
Hola Prime,2-Step 5K,5000,,,,,,,,,,
Hola Prime,2-Step 10K,10000,,,,,,,,,,
Hola Prime,2-Step 25K,25000,,,,,,,,,,
Hola Prime,Instant 25K,25000,,,,,,,,,,
Hola Prime,1-Step 50K,50000,,,,,,,,,,
Hola Prime,Instant 50K,50000,,,,,,,,,,
Hola Prime Futures,1-Step 50K,50000,restricted,prohibited,prohibited,allowed,prohibited,,allowed,required,40,
Lucid Trading,LucidFlex 25K,25000,,,,,,,,not_required,,
Lucid Trading,LucidPro 25K,25000,,,,,,,,required,40,
Lucid Trading,LucidFlex 50K,50000,,,,,,,,not_required,,
Lucid Trading,LucidPro 50K,50000,,,,,,,,required,40,
Lucid Trading,LucidDaily Intraday DLL 50K,50000,,,,,,,,required,50,
Lucid Trading,LucidDaily EOD DLL 50K,50000,,,,,,,,required,50,
Lucid Trading,LucidDirect 50K,50000,,,,,,,,,,
Lucid Trading,LucidFlex 100K,100000,,,,,,,,not_required,,
Lucid Trading,LucidPro 100K,100000,,,,,,,,required,40,
Lucid Trading,LucidFlex 150K,150000,,,,,,,,not_required,,
Lucid Trading,LucidPro 150K,150000,,,,,,,,required,40,
Maven,1-Step 5K,5000,,,,,,,,,,
Maven,2-Step 5K,5000,,,,,,,,,,
Maven,1-Step 10K,10000,,,,,,,,,,
Maven,2-Step 10K,10000,,,,,,,,,,
Maven,1-Step 20K,20000,,,,,,,,,,
Maven,2-Step 20K,20000,,,,,,,,,,
Maven,1-Step 50K,50000,,,,,,,,,,
Maven,2-Step 50K,50000,,,,,,,,,,
Maven,1-Step 100K,100000,,,,,,,,,,
Maven,2-Step 100K,100000,,,,,,,,,,
Moneta Funded,1-Step 10K,10000,,,,,,,,,,
Moneta Funded,Instant 10K,10000,,,,,,,,,,
Moneta Funded,2-Step 25K,25000,,,,,,,,,,
Moneta Funded,Instant 25K,25000,,,,,,,,,,
Moneta Funded,2-Step 50K,50000,,,,,,,,,,
Moneta Funded,2-Step 100K,100000,,,,,,,,,,
My Funded Futures,Rapid 25K,25000,,,,,,,,not_required,,
My Funded Futures,Builder 25K,25000,,,,,,,,,,
My Funded Futures,Rapid 25K Trailing 25K,25000,,,,,,,,,,
My Funded Futures,Rapid 50K,50000,,,,,,,,not_required,,
My Funded Futures,Pro 50K,50000,restricted,,,,,,,required,50,
My Funded Futures,Builder 50K,50000,,,,,,,,,,
My Funded Futures,Flex 50K,50000,,,,,,,,,,
My Funded Futures,Rapid EOD 50K,50000,,,,,,,,,,
My Funded Futures,Rapid 100K,100000,,,,,,,,not_required,,
My Funded Futures,Pro 100K,100000,restricted,,,,,,,required,50,
My Funded Futures,Builder 100K,100000,,,,,,,,,,
My Funded Futures,Rapid 150K,150000,,,,,,,,not_required,,
My Funded Futures,Pro 150K,150000,restricted,,,,,,,required,50,
My Funded Futures,Builder 150K,150000,,,,,,,,,,
Take Profit Trader,Evaluation 50K,50000,,,,,,,,required,50,
Take Profit Trader,Evaluation 75K,75000,,,,,,,,required,50,
Take Profit Trader,Evaluation 100K,100000,,,,,,,,required,50,
Take Profit Trader,Evaluation 150K,150000,,,,,,,,required,50,
The Trading Pit Futures,Futures Classic 20K,20000,,allowed,prohibited,,,,,required,40,
The Trading Pit Futures,Futures Prime 50K,50000,,allowed,prohibited,,,,,required,40,
The Trading Pit Futures,Futures Prime 100K,100000,,allowed,prohibited,,,,,required,40,
The Trading Pit Futures,Futures Prime 150K,150000,,allowed,prohibited,,,,,required,40,
The Trading Pit Futures,Futures Classic 150K,150000,,allowed,prohibited,,,,,required,40,
The Trading Pit Futures,Futures Classic 200K,200000,,allowed,prohibited,,,,,required,40,
The Trading Pit Futures,Futures Classic 250K,250000,,allowed,prohibited,,,,,required,40,
The5ers,2-Step 5K,5000,,,,,,,,,,
The5ers,1-Step 5K,5000,,,,,,,,,,
The5ers,2-Step 10K,10000,,,,,,,,,,
The5ers,1-Step 10K,10000,,,,,,,,,,
The5ers,1-Step 20K,20000,,,,,,,,,,
The5ers,2-Step 25K,25000,,,,,,,,,,
The5ers,2-Step 50K,50000,,,,,,,,,,
The5ers,2-Step 100K,100000,,,,,,,,,,
The5ers,3-Step 100K,100000,,,,,,,,,,
The5ers,3-Step 250K,250000,,,,,,,,,,
The5ers Futures,Day Trade 25K,25000,allowed,prohibited,,,,,,required,40,
The5ers Futures,Swing 25K,25000,,allowed,prohibited,,,,,required,40,
The5ers Futures,Day Trade 50K,50000,allowed,prohibited,,,,,,required,40,
The5ers Futures,Swing 50K,50000,,allowed,prohibited,,,,,required,40,
Top One Futures,Elite Access 25K,25000,,,,,,,,required,40,
Top One Futures,Elite Evaluation 25K,25000,,,,,,,,required,25,
Top One Futures,Elite Daily 25K,25000,,,,,,,,required,40,
Top One Futures,Instant 25K,25000,,,,,,,,required,20,
Top One Futures,Instant Sim Funded 25K,25000,,,,,,,,required,20,
Top One Futures,Elite Access 50K,50000,,,,,,,,required,40,
Top One Futures,Elite Evaluation 50K,50000,,,,,,,,required,25,
Top One Futures,Elite Daily 50K,50000,,,,,,,,required,40,
Top One Futures,Instant 50K,50000,,,,,,,,required,20,
Top One Futures,Ignite 50K,50000,,,,,,,,required,15,
Top One Futures,Instant Sim Funded 50K,50000,,,,,,,,required,20,
Top One Futures,Elite Access 100K,100000,,,,,,,,required,40,
Top One Futures,Elite Evaluation 100K,100000,,,,,,,,required,25,
Top One Futures,Elite Daily 100K,100000,,,,,,,,required,40,
Top One Futures,Ignite 100K,100000,,,,,,,,required,15,
Top One Futures,Instant Sim Funded 100K,100000,,,,,,,,required,20,
Top One Futures,Elite Access 150K,150000,,,,,,,,required,40,
Top One Futures,Elite Evaluation 150K,150000,,,,,,,,required,25,
Top One Futures,Elite Daily 150K,150000,,,,,,,,required,40,
Top One Futures,Ignite 150K,150000,,,,,,,,required,15,
Top One Futures,Instant Sim Funded 150K,150000,,,,,,,,required,20,
Topstep,Trading Combine 50K,50000,,,,,,,,required,50,
Topstep,Trading Combine No Activation Fee 50K,50000,,,,,,,,required,50,
Topstep,Trading Combine 100K,100000,,,,,,,,required,50,
Topstep,Trading Combine No Activation Fee 100K,100000,,,,,,,,required,50,
Topstep,Trading Combine 150K,150000,,,,,,,,required,50,
Topstep,Trading Combine No Activation Fee 150K,150000,,,,,,,,required,50,
TradeDay,Quick Pay EOD 50K,50000,,,,,,,,required,30,
TradeDay,Quick Pay Intraday 50K,50000,,,,,,,,required,30,
TradeDay,Fast Pass 50K,50000,,,,,,,,required,45,
TradeDay,Quick Pay EOD 100K,100000,,,,,,,,required,30,
TradeDay,Quick Pay Intraday 100K,100000,,,,,,,,required,30,
TradeDay,Fast Pass 100K,100000,,,,,,,,required,45,
TradeDay,Quick Pay EOD 150K,150000,,,,,,,,required,30,
TradeDay,Quick Pay Intraday 150K,150000,,,,,,,,required,30,
TradeDay,Fast Pass 150K,150000,,,,,,,,required,45,
Tradeify,Growth 25K,25000,,,,,,,,not_required,35,
Tradeify,Select 25K,25000,,,,,,,,required,40,
Tradeify,Lightning Funded 25K,25000,,,,,,,,required,30,
Tradeify,Growth 50K,50000,,,,,,,,not_required,35,
Tradeify,Select 50K,50000,,,,,,,,required,40,
Tradeify,Lightning Funded 50K,50000,,,,,,,,required,30,
Tradeify,Growth 100K,100000,,,,,,,,not_required,35,
Tradeify,Select 100K,100000,,,,,,,,required,40,
Tradeify,Lightning Funded 100K,100000,,,,,,,,required,30,
Tradeify,Growth 150K,150000,,,,,,,,not_required,35,
Tradeify,Select 150K,150000,,,,,,,,required,40,
Tradeify,Lightning Funded 150K,150000,,,,,,,,required,30,
Traders Launch,Futures Evaluation 100K,100000,,,,,,,,required,40,
Traders Launch,Futures Evaluation 200K,200000,,,,,,,,required,40,
Traders Launch,Futures Evaluation 300K,300000,,,,,,,,required,40,
Traders Launch,Futures Evaluation 80% Split 300K,300000,,,,,,,,,,
Ylos Trading,Standard 50K,50000,,,,,,,,required,40,
Ylos Trading,Standard 100K,100000,,,,,,,,required,40,
Ylos Trading,Standard 150K,150000,,,,,,,,required,40,